{
    "анемия": "https://www.rosoncoweb.ru/standarts/RUSSCO/2025/2025-2-01.pdf",
    "гепатотоксичность": "https://www.rosoncoweb.ru/standarts/RUSSCO/2025/2025-2-06.pdf",
    "герминогенные_опухоли_у_мужчин": "https://www.rosoncoweb.ru/standarts/RUSSCO/2025/2025-1-2-11.pdf",
    "гормоноопосредованные_побочные_явления_противоопухолевой_терапии": "https://www.rosoncoweb.ru/standarts/RUSSCO/2025/2025-2-23.pdf",
    "дерматологические_реакции": "https://www.rosoncoweb.ru/standarts/RUSSCO/2025/2025-2-08.pdf",
    "заместительная_ферментная_терапия_при_раке_поджелудочной_железы": "https://www.rosoncoweb.ru/standarts/RUSSCO/2025/2025-2-11.pdf",
    "злокачественные_немеланоцитарные_опухоли_кожи": "https://www.rosoncoweb.ru/standarts/RUSSCO/2025/2025-1-2-13.pdf",
    "злокачественные_неэпителиальные_опухоли_яичников": "https://www.rosoncoweb.ru/standarts/RUSSCO/2025/2025-1-2-03.pdf",
    "злокачественные_опухоли_печени_и_желчевыводящей_системы": "https://www.rosoncoweb.ru/standarts/RUSSCO/2025/2025-1-1-17.pdf",
    "злокачественные_трофобластические_опухоли": "https://www.rosoncoweb.ru/standarts/RUSSCO/2025/2025-1-2-07.pdf",
    "иммуноопосредованные_нежелательные_явления": "https://www.rosoncoweb.ru/standarts/RUSSCO/2025/2025-2-16.pdf",
    "инфузионные_реакции": "https://www.rosoncoweb.ru/standarts/RUSSCO/2025/2025-2-19.pdf",
    "кардиоваскулярная_токсичность": "https://www.rosoncoweb.ru/standarts/RUSSCO/2025/2025-2-07.pdf",
    "критерии_оценки_клинической_значимости_применения_противоопухолевой_лекарственной_терапии": "https://www.rosoncoweb.ru/standarts/RUSSCO/2025/2025_criteria.pdf",
    "лекарственно_индуцированные_интерстициальные_болезни_легких": "https://www.rosoncoweb.ru/standarts/RUSSCO/2025/2025-2-17.pdf",
    "меланома_кожи": "https://www.rosoncoweb.ru/standarts/RUSSCO/2025/2025-1-2-12.pdf",
    "мелкоклеточный_рак_легкого": "https://www.rosoncoweb.ru/standarts/RUSSCO/2025/2025-1-1-05.pdf",
    "метастатическое_поражение_центральной_нервной_системы": "https://www.rosoncoweb.ru/standarts/RUSSCO/2025/2025-1-1-11.pdf",
    "мукозиты": "https://www.rosoncoweb.ru/standarts/RUSSCO/2025/2025-2-18.pdf",
    "нарушения_когнитивных_функций": "https://www.rosoncoweb.ru/standarts/RUSSCO/2025/2025-2-25.pdf",
    "неврологические_осложнения": "https://www.rosoncoweb.ru/standarts/RUSSCO/2025/2025-2-22.pdf",
    "нейроэндокринные_неоплазии_желудочно-кишечного_тракта_и_поджелудочной_железы": "https://www.rosoncoweb.ru/standarts/RUSSCO/2025/2025-1-1-20.pdf",
    "нейроэндокринные_неоплазии_лёгких_и_тимуса": "https://www.rosoncoweb.ru/standarts/RUSSCO/2025/2025-1-1-07.pdf",
    "немелкоклеточный_рак_легкого": "https://www.rosoncoweb.ru/standarts/RUSSCO/2025/2025-1-1-04.pdf",
    "нефротоксичность": "https://www.rosoncoweb.ru/standarts/RUSSCO/2025/2025-2-12.pdf",
    "нутритивная_поддержка": "https://www.rosoncoweb.ru/standarts/RUSSCO/2025/2025-2-09.pdf",
    "общие_принципы_проведения_противоопухолевой_лекарственной_терапии": "https://www.rosoncoweb.ru/standarts/RUSSCO/2025/2025-1-1-01.pdf",
    "опухоли_головы_и_шеи": "https://www.rosoncoweb.ru/standarts/RUSSCO/2025/2025-1-1-09.pdf",
    "опухоли_невыявленной_первичной_локализации": "https://www.rosoncoweb.ru/standarts/RUSSCO/2025/2025-1-2-16.pdf",
    "особенности_лекарственной_терапии_при_солидных_опухолях_на_фоне_беременности": "https://www.rosoncoweb.ru/standarts/RUSSCO/2025/2025-1-1-03.pdf",
    "патология_костной_ткани": "https://www.rosoncoweb.ru/standarts/RUSSCO/2025/2025-2-03.pdf",
    "перечень_жизненно_необходимых_и_важнейших_лекарственных_препаратов_для_медицинского_применения_на_2025_год": "https://www.rosoncoweb.ru/standarts/RUSSCO/2025/2025-zhnvlp.pdf",
    "пограничные_опухоли_яичников": "https://www.rosoncoweb.ru/standarts/RUSSCO/2025/2025-1-2-04.pdf",
    "почечноклеточный_рак": "https://www.rosoncoweb.ru/standarts/RUSSCO/2025/2025-1-2-08.pdf",
    "псевдомиксома_брюшины": "https://www.rosoncoweb.ru/standarts/RUSSCO/2025/2025-1-1-21.pdf",
    "рак_желудка": "https://www.rosoncoweb.ru/standarts/RUSSCO/2025/2025-1-1-13.pdf",
    "рак_коры_надпочечника": "https://www.rosoncoweb.ru/standarts/RUSSCO/2025/2025-1-1-22.pdf",
    "рак_молочной_железы": "https://www.rosoncoweb.ru/standarts/RUSSCO/2025/2025-1-2-01.pdf",
    "рак_мочевого_пузыря": "https://www.rosoncoweb.ru/standarts/RUSSCO/2025/2025-1-2-09.pdf",
    "рак_ободочной_кишки,_ректосигмоидного_соединения_и_прямой_кишки": "https://www.rosoncoweb.ru/standarts/RUSSCO/2025/2025-1-1-14.pdf",
    "рак_пищевода_и_пищеводно-желудочного_перехода": "https://www.rosoncoweb.ru/standarts/RUSSCO/2025/2025-1-1-12.pdf",
    "рак_поджелудочной_железы": "https://www.rosoncoweb.ru/standarts/RUSSCO/2025/2025-1-1-18.pdf",
    "рак_предстательной_железы": "https://www.rosoncoweb.ru/standarts/RUSSCO/2025/2025-1-2-10.pdf",
    "рак_тела_матки_и_саркомы_матки": "https://www.rosoncoweb.ru/standarts/RUSSCO/2025/2025-1-2-06.pdf",
    "рак_тонкой_кишки_и_ампулы_фатерова_сосочка": "https://www.rosoncoweb.ru/standarts/RUSSCO/2025/2025-1-1-15.pdf",
    "рак_шейки_матки": "https://www.rosoncoweb.ru/standarts/RUSSCO/2025/2025-1-2-05.pdf",
    "реактивация_или_обострение_хронических_вирусных_гепатитов_во_время_противоопухолевой_терапии": "https://www.rosoncoweb.ru/standarts/RUSSCO/2025/2025-2-21.pdf",
    "саркомы_мягких_тканей": "https://www.rosoncoweb.ru/standarts/RUSSCO/2025/2025-1-2-15.pdf",
    "синдром_анорексии-кахексии": "https://www.rosoncoweb.ru/standarts/RUSSCO/2025/2025-2-10.pdf",
    "тимические_эпителиальные_опухоли": "https://www.rosoncoweb.ru/standarts/RUSSCO/2025/2025-1-1-08.pdf",
    "тошнота_и_рвота": "https://www.rosoncoweb.ru/standarts/RUSSCO/2025/2025-2-02.pdf",
    "тромбоцитопения": "https://www.rosoncoweb.ru/standarts/RUSSCO/2025/2025-2-05.pdf",
    "тромбоэмболические_осложнения": "https://www.rosoncoweb.ru/standarts/RUSSCO/2025/2025-2-13.pdf",
    "фебрильная_нейтропения": "https://www.rosoncoweb.ru/standarts/RUSSCO/2025/2025-2-04.pdf",
    "хронический_болевой_синдром_у_взрослых_онкологических_больных": "https://www.rosoncoweb.ru/standarts/RUSSCO/2025/2025-2-15.pdf",
    "центральный_венозный_доступ": "https://www.rosoncoweb.ru/standarts/RUSSCO/2025/2025-2-20.pdf",
    "экстравазация_противоопухолевых_препаратов": "https://www.rosoncoweb.ru/standarts/RUSSCO/2025/2025-2-14.pdf"
}